0	NtAcceptConnectPort
1	NtAccessCheck
2	NtAccessCheckAndAuditAlarm
3	NtAccessCheckByType
4	NtAccessCheckByTypeAndAuditAlarm
5	NtAccessCheckByTypeResultList
6	NtAccessCheckByTypeResultListAndAuditAlarm
7	NtAccessCheckByTypeResultListAndAuditAlarmByHandle
8	NtAddAtom
9	NtAddBootEntry
10	NtAddDriverEntry
11	NtAdjustGroupsToken
12	NtAdjustPrivilegesToken
13	NtAlertResumeThread
14	NtAlertThread
15	NtAllocateLocallyUniqueId
16	NtAllocateReserveObject
17	NtAllocateUserPhysicalPages
18	NtAllocateUuids
19	NtAllocateVirtualMemory
20	NtAlpcAcceptConnectPort
21	NtAlpcCancelMessage
22	NtAlpcConnectPort
23	NtAlpcCreatePort
24	NtAlpcCreatePortSection
25	NtAlpcCreateResourceReserve
26	NtAlpcCreateSectionView
27	NtAlpcCreateSecurityContext
28	NtAlpcDeletePortSection
29	NtAlpcDeleteResourceReserve
30	NtAlpcDeleteSectionView
31	NtAlpcDeleteSecurityContext
32	NtAlpcDisconnectPort
33	NtAlpcImpersonateClientOfPort
34	NtAlpcOpenSenderProcess
35	NtAlpcOpenSenderThread
36	NtAlpcQueryInformation
37	NtAlpcQueryInformationMessage
38	NtAlpcRevokeSecurityContext
39	NtAlpcSendWaitReceivePort
40	NtAlpcSetInformation
41	NtApphelpCacheControl
42	NtAreMappedFilesTheSame
43	NtAssignProcessToJobObject
44	NtCallbackReturn
45	NtCancelIoFile
46	NtCancelIoFileEx
47	NtCancelSynchronousIoFile
48	NtCancelTimer
49	NtClearEvent
50	NtClose
51	NtCloseObjectAuditAlarm
52	NtCommitComplete
53	NtCommitEnlistment
54	NtCommitTransaction
55	NtCompactKeys
56	NtCompareTokens
57	NtCompleteConnectPort
58	NtCompressKey
59	NtConnectPort
60	NtContinue
61	NtCreateDebugObject
62	NtCreateDirectoryObject
63	NtCreateEnlistment
64	NtCreateEvent
65	NtCreateEventPair
66	NtCreateFile
67	NtCreateIoCompletion
68	NtCreateJobObject
69	NtCreateJobSet
70	NtCreateKey
71	NtCreateKeyedEvent
72	NtCreateKeyTransacted
73	NtCreateMailslotFile
74	NtCreateMutant
75	NtCreateNamedPipeFile
76	NtCreatePagingFile
77	NtCreatePort
78	NtCreatePrivateNamespace
79	NtCreateProcess
80	NtCreateProcessEx
81	NtCreateProfile
82	NtCreateProfileEx
83	NtCreateResourceManager
84	NtCreateSection
85	NtCreateSemaphore
86	NtCreateSymbolicLinkObject
87	NtCreateThread
88	NtCreateThreadEx
89	NtCreateTimer
90	NtCreateToken
91	NtCreateTransaction
92	NtCreateTransactionManager
93	NtCreateUserProcess
94	NtCreateWaitablePort
95	NtCreateWorkerFactory
96	NtDebugActiveProcess
97	NtDebugContinue
98	NtDelayExecution
99	NtDeleteAtom
100	NtDeleteBootEntry
101	NtDeleteDriverEntry
102	NtDeleteFile
103	NtDeleteKey
104	NtDeleteObjectAuditAlarm
105	NtDeletePrivateNamespace
106	NtDeleteValueKey
107	NtDeviceIoControlFile
108	NtDisableLastKnownGood
109	NtDisplayString
110	NtDrawText
111	NtDuplicateObject
112	NtDuplicateToken
113	NtEnableLastKnownGood
114	NtEnumerateBootEntries
115	NtEnumerateDriverEntries
116	NtEnumerateKey
117	NtEnumerateSystemEnvironmentValuesEx
118	NtEnumerateTransactionObject
119	NtEnumerateValueKey
120	NtExtendSection
121	NtFilterToken
122	NtFindAtom
123	NtFlushBuffersFile
124	NtFlushInstallUILanguage
125	NtFlushInstructionCache
126	NtFlushKey
127	NtFlushProcessWriteBuffers
128	NtFlushVirtualMemory
129	NtFlushWriteBuffer
130	NtFreeUserPhysicalPages
131	NtFreeVirtualMemory
132	NtFreezeRegistry
133	NtFreezeTransactions
134	NtFsControlFile
135	NtGetContextThread
136	NtGetCurrentProcessorNumber
137	NtGetDevicePowerState
138	NtGetMUIRegistryInfo
139	NtGetNextProcess
140	NtGetNextThread
141	NtGetNlsSectionPtr
142	NtGetNotificationResourceManager
143	NtGetPlugPlayEvent
144	NtGetWriteWatch
145	NtImpersonateAnonymousToken
146	NtImpersonateClientOfPort
147	NtImpersonateThread
148	NtInitializeNlsFiles
149	NtInitializeRegistry
150	NtInitiatePowerAction
151	NtIsProcessInJob
152	NtIsSystemResumeAutomatic
153	NtIsUILanguageComitted
154	NtListenPort
155	NtLoadDriver
156	NtLoadKey
157	NtLoadKey2
158	NtLoadKeyEx
159	NtLockFile
160	NtLockProductActivationKeys
161	NtLockRegistryKey
162	NtLockVirtualMemory
163	NtMakePermanentObject
164	NtMakeTemporaryObject
165	NtMapCMFModule
166	NtMapUserPhysicalPages
167	NtMapUserPhysicalPagesScatter
168	NtMapViewOfSection
169	NtModifyBootEntry
170	NtModifyDriverEntry
171	NtNotifyChangeDirectoryFile
172	NtNotifyChangeKey
173	NtNotifyChangeMultipleKeys
174	NtNotifyChangeSession
175	NtOpenDirectoryObject
176	NtOpenEnlistment
177	NtOpenEvent
178	NtOpenEventPair
179	NtOpenFile
180	NtOpenIoCompletion
181	NtOpenJobObject
182	NtOpenKey
183	NtOpenKeyEx
184	NtOpenKeyedEvent
185	NtOpenKeyTransacted
186	NtOpenKeyTransactedEx
187	NtOpenMutant
188	NtOpenObjectAuditAlarm
189	NtOpenPrivateNamespace
190	NtOpenProcess
191	NtOpenProcessToken
192	NtOpenProcessTokenEx
193	NtOpenResourceManager
194	NtOpenSection
195	NtOpenSemaphore
196	NtOpenSession
197	NtOpenSymbolicLinkObject
198	NtOpenThread
199	NtOpenThreadToken
200	NtOpenThreadTokenEx
201	NtOpenTimer
202	NtOpenTransaction
203	NtOpenTransactionManager
204	NtPlugPlayControl
205	NtPowerInformation
206	NtPrepareComplete
207	NtPrepareEnlistment
208	NtPrePrepareComplete
209	NtPrePrepareEnlistment
210	NtPrivilegeCheck
211	NtPrivilegedServiceAuditAlarm
212	NtPrivilegeObjectAuditAlarm
213	NtPropagationComplete
214	NtPropagationFailed
215	NtProtectVirtualMemory
216	NtPulseEvent
217	NtQueryAttributesFile
218	NtQueryBootEntryOrder
219	NtQueryBootOptions
220	NtQueryDebugFilterState
221	NtQueryDefaultLocale
222	NtQueryDefaultUILanguage
223	NtQueryDirectoryFile
224	NtQueryDirectoryObject
225	NtQueryDriverEntryOrder
226	NtQueryEaFile
227	NtQueryEvent
228	NtQueryFullAttributesFile
229	NtQueryInformationAtom
230	NtQueryInformationEnlistment
231	NtQueryInformationFile
232	NtQueryInformationJobObject
233	NtQueryInformationPort
234	NtQueryInformationProcess
235	NtQueryInformationResourceManager
236	NtQueryInformationThread
237	NtQueryInformationToken
238	NtQueryInformationTransaction
239	NtQueryInformationTransactionManager
240	NtQueryInformationWorkerFactory
241	NtQueryInstallUILanguage
242	NtQueryIntervalProfile
243	NtQueryIoCompletion
244	NtQueryKey
245	NtQueryLicenseValue
246	NtQueryMultipleValueKey
247	NtQueryMutant
248	NtQueryObject
249	NtQueryOpenSubKeys
250	NtQueryOpenSubKeysEx
251	NtQueryPerformanceCounter
252	NtQueryPortInformationProcess
253	NtQueryQuotaInformationFile
254	NtQuerySection
255	NtQuerySecurityAttributesToken
256	NtQuerySecurityObject
257	NtQuerySemaphore
258	NtQuerySymbolicLinkObject
259	NtQuerySystemEnvironmentValue
260	NtQuerySystemEnvironmentValueEx
261	NtQuerySystemInformation
262	NtQuerySystemInformationEx
263	NtQuerySystemTime
264	NtQueryTimer
265	NtQueryTimerResolution
266	NtQueryValueKey
267	NtQueryVirtualMemory
268	NtQueryVolumeInformationFile
269	NtQueueApcThread
270	NtQueueApcThreadEx
271	NtRaiseException
272	NtRaiseHardError
273	NtReadFile
274	NtReadFileScatter
275	NtReadOnlyEnlistment
276	NtReadRequestData
277	NtReadVirtualMemory
278	NtRecoverEnlistment
279	NtRecoverResourceManager
280	NtRecoverTransactionManager
281	NtRegisterProtocolAddressInformation
282	NtRegisterThreadTerminatePort
283	NtReleaseKeyedEvent
284	NtReleaseMutant
285	NtReleaseSemaphore
286	NtReleaseWorkerFactoryWorker
287	NtRemoveIoCompletion
288	NtRemoveIoCompletionEx
289	NtRemoveProcessDebug
290	NtRenameKey
291	NtRenameTransactionManager
292	NtReplaceKey
293	NtReplacePartitionUnit
294	NtReplyPort
295	NtReplyWaitReceivePort
296	NtReplyWaitReceivePortEx
297	NtReplyWaitReplyPort
298	NtRequestPort
299	NtRequestWaitReplyPort
300	NtResetEvent
301	NtResetWriteWatch
302	NtRestoreKey
303	NtResumeProcess
304	NtResumeThread
305	NtRollbackComplete
306	NtRollbackEnlistment
307	NtRollbackTransaction
308	NtRollforwardTransactionManager
309	NtSaveKey
310	NtSaveKeyEx
311	NtSaveMergedKeys
312	NtSecureConnectPort
313	NtSerializeBoot
314	NtSetBootEntryOrder
315	NtSetBootOptions
316	NtSetContextThread
317	NtSetDebugFilterState
318	NtSetDefaultHardErrorPort
319	NtSetDefaultLocale
320	NtSetDefaultUILanguage
321	NtSetDriverEntryOrder
322	NtSetEaFile
323	NtSetEvent
324	NtSetEventBoostPriority
325	NtSetHighEventPair
326	NtSetHighWaitLowEventPair
327	NtSetInformationDebugObject
328	NtSetInformationEnlistment
329	NtSetInformationFile
330	NtSetInformationJobObject
331	NtSetInformationKey
332	NtSetInformationObject
333	NtSetInformationProcess
334	NtSetInformationResourceManager
335	NtSetInformationThread
336	NtSetInformationToken
337	NtSetInformationTransaction
338	NtSetInformationTransactionManager
339	NtSetInformationWorkerFactory
340	NtSetIntervalProfile
341	NtSetIoCompletion
342	NtSetIoCompletionEx
343	NtSetLdtEntries
344	NtSetLowEventPair
345	NtSetLowWaitHighEventPair
346	NtSetQuotaInformationFile
347	NtSetSecurityObject
348	NtSetSystemEnvironmentValue
349	NtSetSystemEnvironmentValueEx
350	NtSetSystemInformation
351	NtSetSystemPowerState
352	NtSetSystemTime
353	NtSetThreadExecutionState
354	NtSetTimer
355	NtSetTimerEx
356	NtSetTimerResolution
357	NtSetUuidSeed
358	NtSetValueKey
359	NtSetVolumeInformationFile
360	NtShutdownSystem
361	NtShutdownWorkerFactory
362	NtSignalAndWaitForSingleObject
363	NtSinglePhaseReject
364	NtStartProfile
365	NtStopProfile
366	NtSuspendProcess
367	NtSuspendThread
368	NtSystemDebugControl
369	NtTerminateJobObject
370	NtTerminateProcess
371	NtTerminateThread
372	NtTestAlert
373	NtThawRegistry
374	NtThawTransactions
375	NtTraceControl
376	NtTraceEvent
377	NtTranslateFilePath
378	NtUmsThreadYield
379	NtUnloadDriver
380	NtUnloadKey
381	NtUnloadKey2
382	NtUnloadKeyEx
383	NtUnlockFile
384	NtUnlockVirtualMemory
385	NtUnmapViewOfSection
386	NtVdmControl
387	NtWaitForDebugEvent
388	NtWaitForKeyedEvent
389	NtWaitForMultipleObjects
390	NtWaitForMultipleObjects32
391	NtWaitForSingleObject
392	NtWaitForWorkViaWorkerFactory
393	NtWaitHighEventPair
394	NtWaitLowEventPair
395	NtWorkerFactoryWorkerReady
396	NtWriteFile
397	NtWriteFileGather
398	NtWriteRequestData
399	NtWriteVirtualMemory
400	NtYieldExecution
4096	NtGdiAbortDoc
4097	NtGdiAbortPath
4098	NtGdiAddFontResourceW
4099	NtGdiAddRemoteFontToDC
4100	NtGdiAddFontMemResourceEx
4101	NtGdiRemoveMergeFont
4102	NtGdiAddRemoteMMInstanceToDC
4103	NtGdiAlphaBlend
4104	NtGdiAngleArc
4105	NtGdiAnyLinkedFonts
4106	NtGdiFontIsLinked
4107	NtGdiArcInternal
4108	NtGdiBeginGdiRendering
4109	NtGdiBeginPath
4110	NtGdiBitBlt
4111	NtGdiCancelDC
4112	NtGdiCheckBitmapBits
4113	NtGdiCloseFigure
4114	NtGdiClearBitmapAttributes
4115	NtGdiClearBrushAttributes
4116	NtGdiColorCorrectPalette
4117	NtGdiCombineRgn
4118	NtGdiCombineTransform
4119	NtGdiComputeXformCoefficients
4120	NtGdiConfigureOPMProtectedOutput
4121	NtGdiConvertMetafileRect
4122	NtGdiCreateBitmap
4123	NtGdiCreateBitmapFromDxSurface
4124	NtGdiCreateClientObj
4125	NtGdiCreateColorSpace
4126	NtGdiCreateColorTransform
4127	NtGdiCreateCompatibleBitmap
4128	NtGdiCreateCompatibleDC
4129	NtGdiCreateDIBBrush
4130	NtGdiCreateDIBitmapInternal
4131	NtGdiCreateDIBSection
4132	NtGdiCreateEllipticRgn
4133	NtGdiCreateHalftonePalette
4134	NtGdiCreateHatchBrushInternal
4135	NtGdiCreateMetafileDC
4136	NtGdiCreateOPMProtectedOutputs
4137	NtGdiCreatePaletteInternal
4138	NtGdiCreatePatternBrushInternal
4139	NtGdiCreatePen
4140	NtGdiCreateRectRgn
4141	NtGdiCreateRoundRectRgn
4142	NtGdiCreateServerMetaFile
4143	NtGdiCreateSolidBrush
4144	NtGdiD3dContextCreate
4145	NtGdiD3dContextDestroy
4146	NtGdiD3dContextDestroyAll
4147	NtGdiD3dValidateTextureStageState
4148	NtGdiD3dDrawPrimitives2
4149	NtGdiDdGetDriverState
4150	NtGdiDdAddAttachedSurface
4151	NtGdiDdAlphaBlt
4152	NtGdiDdAttachSurface
4153	NtGdiDdBeginMoCompFrame
4154	NtGdiDdBlt
4155	NtGdiDdCanCreateSurface
4156	NtGdiDdCanCreateD3DBuffer
4157	NtGdiDdColorControl
4158	NtGdiDdCreateDirectDrawObject
4159	NtGdiDdCreateSurface
4160	NtGdiDdCreateD3DBuffer
4161	NtGdiDdCreateMoComp
4162	NtGdiDdCreateSurfaceObject
4163	NtGdiDdDeleteDirectDrawObject
4164	NtGdiDdDeleteSurfaceObject
4165	NtGdiDdDestroyMoComp
4166	NtGdiDdDestroySurface
4167	NtGdiDdDestroyD3DBuffer
4168	NtGdiDdEndMoCompFrame
4169	NtGdiDdFlip
4170	NtGdiDdFlipToGDISurface
4171	NtGdiDdGetAvailDriverMemory
4172	NtGdiDdGetBltStatus
4173	NtGdiDdGetDC
4174	NtGdiDdGetDriverInfo
4175	NtGdiDdGetDxHandle
4176	NtGdiDdGetFlipStatus
4177	NtGdiDdGetInternalMoCompInfo
4178	NtGdiDdGetMoCompBuffInfo
4179	NtGdiDdGetMoCompGuids
4180	NtGdiDdGetMoCompFormats
4181	NtGdiDdGetScanLine
4182	NtGdiDdLock
4183	NtGdiDdLockD3D
4184	NtGdiDdQueryDirectDrawObject
4185	NtGdiDdQueryMoCompStatus
4186	NtGdiDdReenableDirectDrawObject
4187	NtGdiDdReleaseDC
4188	NtGdiDdRenderMoComp
4189	NtGdiDdResetVisrgn
4190	NtGdiDdSetColorKey
4191	NtGdiDdSetExclusiveMode
4192	NtGdiDdSetGammaRamp
4193	NtGdiDdCreateSurfaceEx
4194	NtGdiDdSetOverlayPosition
4195	NtGdiDdUnattachSurface
4196	NtGdiDdUnlock
4197	NtGdiDdUnlockD3D
4198	NtGdiDdUpdateOverlay
4199	NtGdiDdWaitForVerticalBlank
4200	NtGdiDvpCanCreateVideoPort
4201	NtGdiDvpColorControl
4202	NtGdiDvpCreateVideoPort
4203	NtGdiDvpDestroyVideoPort
4204	NtGdiDvpFlipVideoPort
4205	NtGdiDvpGetVideoPortBandwidth
4206	NtGdiDvpGetVideoPortField
4207	NtGdiDvpGetVideoPortFlipStatus
4208	NtGdiDvpGetVideoPortInputFormats
4209	NtGdiDvpGetVideoPortLine
4210	NtGdiDvpGetVideoPortOutputFormats
4211	NtGdiDvpGetVideoPortConnectInfo
4212	NtGdiDvpGetVideoSignalStatus
4213	NtGdiDvpUpdateVideoPort
4214	NtGdiDvpWaitForVideoPortSync
4215	NtGdiDvpAcquireNotification
4216	NtGdiDvpReleaseNotification
4217	NtGdiDxgGenericThunk
4218	NtGdiDeleteClientObj
4219	NtGdiDeleteColorSpace
4220	NtGdiDeleteColorTransform
4221	NtGdiDeleteObjectApp
4222	NtGdiDescribePixelFormat
4223	NtGdiDestroyOPMProtectedOutput
4224	NtGdiGetPerBandInfo
4225	NtGdiDoBanding
4226	NtGdiDoPalette
4227	NtGdiDrawEscape
4228	NtGdiEllipse
4229	NtGdiEnableEudc
4230	NtGdiEndDoc
4231	NtGdiEndGdiRendering
4232	NtGdiEndPage
4233	NtGdiEndPath
4234	NtGdiEnumFonts
4235	NtGdiEnumObjects
4236	NtGdiEqualRgn
4237	NtGdiEudcLoadUnloadLink
4238	NtGdiExcludeClipRect
4239	NtGdiExtCreatePen
4240	NtGdiExtCreateRegion
4241	NtGdiExtEscape
4242	NtGdiExtFloodFill
4243	NtGdiExtGetObjectW
4244	NtGdiExtSelectClipRgn
4245	NtGdiExtTextOutW
4246	NtGdiFillPath
4247	NtGdiFillRgn
4248	NtGdiFlattenPath
4249	NtGdiFlush
4250	NtGdiForceUFIMapping
4251	NtGdiFrameRgn
4252	NtGdiFullscreenControl
4253	NtGdiGetAndSetDCDword
4254	NtGdiGetAppClipBox
4255	NtGdiGetBitmapBits
4256	NtGdiGetBitmapDimension
4257	NtGdiGetBoundsRect
4258	NtGdiGetCertificate
4259	NtGdiGetCertificateSize
4260	NtGdiGetCharABCWidthsW
4261	NtGdiGetCharacterPlacementW
4262	NtGdiGetCharSet
4263	NtGdiGetCharWidthW
4264	NtGdiGetCharWidthInfo
4265	NtGdiGetColorAdjustment
4266	NtGdiGetColorSpaceforBitmap
4267	NtGdiGetCOPPCompatibleOPMInformation
4268	NtGdiGetDCDword
4269	NtGdiGetDCforBitmap
4270	NtGdiGetDCObject
4271	NtGdiGetDCPoint
4272	NtGdiGetDeviceCaps
4273	NtGdiGetDeviceGammaRamp
4274	NtGdiGetDeviceCapsAll
4275	NtGdiGetDIBitsInternal
4276	NtGdiGetETM
4277	NtGdiGetEudcTimeStampEx
4278	NtGdiGetFontData
4279	NtGdiGetFontFileData
4280	NtGdiGetFontFileInfo
4281	NtGdiGetFontResourceInfoInternalW
4282	NtGdiGetGlyphIndicesW
4283	NtGdiGetGlyphIndicesWInternal
4284	NtGdiGetGlyphOutline
4285	NtGdiGetOPMInformation
4286	NtGdiGetKerningPairs
4287	NtGdiGetLinkedUFIs
4288	NtGdiGetMiterLimit
4289	NtGdiGetMonitorID
4290	NtGdiGetNearestColor
4291	NtGdiGetNearestPaletteIndex
4292	NtGdiGetObjectBitmapHandle
4293	NtGdiGetOPMRandomNumber
4294	NtGdiGetOutlineTextMetricsInternalW
4295	NtGdiGetPath
4296	NtGdiGetPixel
4297	NtGdiGetRandomRgn
4298	NtGdiGetRasterizerCaps
4299	NtGdiGetRealizationInfo
4300	NtGdiGetRegionData
4301	NtGdiGetRgnBox
4302	NtGdiGetServerMetaFileBits
4303	NtGdiGetSpoolMessage
4304	NtGdiGetStats
4305	NtGdiGetStockObject
4306	NtGdiGetStringBitmapW
4307	NtGdiGetSuggestedOPMProtectedOutputArraySize
4308	NtGdiGetSystemPaletteUse
4309	NtGdiGetTextCharsetInfo
4310	NtGdiGetTextExtent
4311	NtGdiGetTextExtentExW
4312	NtGdiGetTextFaceW
4313	NtGdiGetTextMetricsW
4314	NtGdiGetTransform
4315	NtGdiGetUFI
4316	NtGdiGetEmbUFI
4317	NtGdiGetUFIPathname
4318	NtGdiGetEmbedFonts
4319	NtGdiChangeGhostFont
4320	NtGdiAddEmbFontToDC
4321	NtGdiGetFontUnicodeRanges
4322	NtGdiGetWidthTable
4323	NtGdiGradientFill
4324	NtGdiHfontCreate
4325	NtGdiIcmBrushInfo
4326	NtGdiInit
4327	NtGdiInitSpool
4328	NtGdiIntersectClipRect
4329	NtGdiInvertRgn
4330	NtGdiLineTo
4331	NtGdiMakeFontDir
4332	NtGdiMakeInfoDC
4333	NtGdiMaskBlt
4334	NtGdiModifyWorldTransform
4335	NtGdiMonoBitmap
4336	NtGdiMoveTo
4337	NtGdiOffsetClipRgn
4338	NtGdiOffsetRgn
4339	NtGdiOpenDCW
4340	NtGdiPatBlt
4341	NtGdiPolyPatBlt
4342	NtGdiPathToRegion
4343	NtGdiPlgBlt
4344	NtGdiPolyDraw
4345	NtGdiPolyPolyDraw
4346	NtGdiPolyTextOutW
4347	NtGdiPtInRegion
4348	NtGdiPtVisible
4349	NtGdiQueryFonts
4350	NtGdiQueryFontAssocInfo
4351	NtGdiRectangle
4352	NtGdiRectInRegion
4353	NtGdiRectVisible
4354	NtGdiRemoveFontResourceW
4355	NtGdiRemoveFontMemResourceEx
4356	NtGdiResetDC
4357	NtGdiResizePalette
4358	NtGdiRestoreDC
4359	NtGdiRoundRect
4360	NtGdiSaveDC
4361	NtGdiScaleViewportExtEx
4362	NtGdiScaleWindowExtEx
4363	NtGdiSelectBitmap
4364	NtGdiSelectBrush
4365	NtGdiSelectClipPath
4366	NtGdiSelectFont
4367	NtGdiSelectPen
4368	NtGdiSetBitmapAttributes
4369	NtGdiSetBitmapBits
4370	NtGdiSetBitmapDimension
4371	NtGdiSetBoundsRect
4372	NtGdiSetBrushAttributes
4373	NtGdiSetBrushOrg
4374	NtGdiSetColorAdjustment
4375	NtGdiSetColorSpace
4376	NtGdiSetDeviceGammaRamp
4377	NtGdiSetDIBitsToDeviceInternal
4378	NtGdiSetFontEnumeration
4379	NtGdiSetFontXform
4380	NtGdiSetIcmMode
4381	NtGdiSetLinkedUFIs
4382	NtGdiSetMagicColors
4383	NtGdiSetMetaRgn
4384	NtGdiSetMiterLimit
4385	NtGdiGetDeviceWidth
4386	NtGdiMirrorWindowOrg
4387	NtGdiSetLayout
4388	NtGdiSetOPMSigningKeyAndSequenceNumbers
4389	NtGdiSetPixel
4390	NtGdiSetPixelFormat
4391	NtGdiSetRectRgn
4392	NtGdiSetSystemPaletteUse
4393	NtGdiSetTextJustification
4394	NtGdiSetVirtualResolution
4395	NtGdiSetSizeDevice
4396	NtGdiStartDoc
4397	NtGdiStartPage
4398	NtGdiStretchBlt
4399	NtGdiStretchDIBitsInternal
4400	NtGdiStrokeAndFillPath
4401	NtGdiStrokePath
4402	NtGdiSwapBuffers
4403	NtGdiTransformPoints
4404	NtGdiTransparentBlt
4405	NtGdiUnloadPrinterDriver
4406	NtGdiUnmapMemFont
4407	NtGdiUnrealizeObject
4408	NtGdiUpdateColors
4409	NtGdiWidenPath
4410	NtUserActivateKeyboardLayout
4411	NtUserAddClipboardFormatListener
4412	NtUserAlterWindowStyle
4413	NtUserAssociateInputContext
4414	NtUserAttachThreadInput
4415	NtUserBeginPaint
4416	NtUserBitBltSysBmp
4417	NtUserBlockInput
4418	NtUserBuildHimcList
4419	NtUserBuildHwndList
4420	NtUserBuildNameList
4421	NtUserBuildPropList
4422	NtUserCallHwnd
4423	NtUserCallHwndLock
4424	NtUserCallHwndOpt
4425	NtUserCallHwndParam
4426	NtUserCallHwndParamLock
4427	NtUserCallMsgFilter
4428	NtUserCallNextHookEx
4429	NtUserCallNoParam
4430	NtUserCallOneParam
4431	NtUserCallTwoParam
4432	NtUserChangeClipboardChain
4433	NtUserChangeDisplaySettings
4434	NtUserGetDisplayConfigBufferSizes
4435	NtUserSetDisplayConfig
4436	NtUserQueryDisplayConfig
4437	NtUserDisplayConfigGetDeviceInfo
4438	NtUserDisplayConfigSetDeviceInfo
4439	NtUserCheckAccessForIntegrityLevel
4440	NtUserCheckDesktopByThreadId
4441	NtUserCheckWindowThreadDesktop
4442	NtUserCheckMenuItem
4443	NtUserChildWindowFromPointEx
4444	NtUserClipCursor
4445	NtUserCloseClipboard
4446	NtUserCloseDesktop
4447	NtUserCloseWindowStation
4448	NtUserConsoleControl
4449	NtUserConvertMemHandle
4450	NtUserCopyAcceleratorTable
4451	NtUserCountClipboardFormats
4452	NtUserCreateAcceleratorTable
4453	NtUserCreateCaret
4454	NtUserCreateDesktopEx
4455	NtUserCreateInputContext
4456	NtUserCreateLocalMemHandle
4457	NtUserCreateWindowEx
4458	NtUserCreateWindowStation
4459	NtUserDdeInitialize
4460	NtUserDeferWindowPos
4461	NtUserDefSetText
4462	NtUserDeleteMenu
4463	NtUserDestroyAcceleratorTable
4464	NtUserDestroyCursor
4465	NtUserDestroyInputContext
4466	NtUserDestroyMenu
4467	NtUserDestroyWindow
4468	NtUserDisableThreadIme
4469	NtUserDispatchMessage
4470	NtUserDoSoundConnect
4471	NtUserDoSoundDisconnect
4472	NtUserDragDetect
4473	NtUserDragObject
4474	NtUserDrawAnimatedRects
4475	NtUserDrawCaption
4476	NtUserDrawCaptionTemp
4477	NtUserDrawIconEx
4478	NtUserDrawMenuBarTemp
4479	NtUserEmptyClipboard
4480	NtUserEnableMenuItem
4481	NtUserEnableScrollBar
4482	NtUserEndDeferWindowPosEx
4483	NtUserEndMenu
4484	NtUserEndPaint
4485	NtUserEnumDisplayDevices
4486	NtUserEnumDisplayMonitors
4487	NtUserEnumDisplaySettings
4488	NtUserEvent
4489	NtUserExcludeUpdateRgn
4490	NtUserFillWindow
4491	NtUserFindExistingCursorIcon
4492	NtUserFindWindowEx
4493	NtUserFlashWindowEx
4494	NtUserFrostCrashedWindow
4495	NtUserGetAltTabInfo
4496	NtUserGetAncestor
4497	NtUserGetAppImeLevel
4498	NtUserGetAsyncKeyState
4499	NtUserGetAtomName
4500	NtUserGetCaretBlinkTime
4501	NtUserGetCaretPos
4502	NtUserGetClassInfoEx
4503	NtUserGetClassName
4504	NtUserGetClipboardData
4505	NtUserGetClipboardFormatName
4506	NtUserGetClipboardOwner
4507	NtUserGetClipboardSequenceNumber
4508	NtUserGetClipboardViewer
4509	NtUserGetClipCursor
4510	NtUserGetComboBoxInfo
4511	NtUserGetControlBrush
4512	NtUserGetControlColor
4513	NtUserGetCPD
4514	NtUserGetCursorFrameInfo
4515	NtUserGetCursorInfo
4516	NtUserGetDC
4517	NtUserGetDCEx
4518	NtUserGetDoubleClickTime
4519	NtUserGetForegroundWindow
4520	NtUserGetGuiResources
4521	NtUserGetGUIThreadInfo
4522	NtUserGetIconInfo
4523	NtUserGetIconSize
4524	NtUserGetImeHotKey
4525	NtUserGetImeInfoEx
4526	NtUserGetInputLocaleInfo
4527	NtUserGetInternalWindowPos
4528	NtUserGetKeyboardLayoutList
4529	NtUserGetKeyboardLayoutName
4530	NtUserGetKeyboardState
4531	NtUserGetKeyNameText
4532	NtUserGetKeyState
4533	NtUserGetListBoxInfo
4534	NtUserGetMenuBarInfo
4535	NtUserGetMenuIndex
4536	NtUserGetMenuItemRect
4537	NtUserGetMessage
4538	NtUserGetMouseMovePointsEx
4539	NtUserGetObjectInformation
4540	NtUserGetOpenClipboardWindow
4541	NtUserGetPriorityClipboardFormat
4542	NtUserGetProcessWindowStation
4543	NtUserGetRawInputBuffer
4544	NtUserGetRawInputData
4545	NtUserGetRawInputDeviceInfo
4546	NtUserGetRawInputDeviceList
4547	NtUserGetRegisteredRawInputDevices
4548	NtUserGetScrollBarInfo
4549	NtUserGetSystemMenu
4550	NtUserGetThreadDesktop
4551	NtUserGetThreadState
4552	NtUserGetTitleBarInfo
4553	NtUserGetTopLevelWindow
4554	NtUserGetUpdatedClipboardFormats
4555	NtUserGetUpdateRect
4556	NtUserGetUpdateRgn
4557	NtUserGetWindowCompositionInfo
4558	NtUserGetWindowCompositionAttribute
4559	NtUserGetWindowDC
4560	NtUserGetWindowDisplayAffinity
4561	NtUserGetWindowPlacement
4562	NtUserGetWOWClass
4563	NtUserGhostWindowFromHungWindow
4564	NtUserHardErrorControl
4565	NtUserHideCaret
4566	NtUserHiliteMenuItem
4567	NtUserHungWindowFromGhostWindow
4568	NtUserImpersonateDdeClientWindow
4569	NtUserInitialize
4570	NtUserInitializeClientPfnArrays
4571	NtUserInitTask
4572	NtUserInternalGetWindowText
4573	NtUserInternalGetWindowIcon
4574	NtUserInvalidateRect
4575	NtUserInvalidateRgn
4576	NtUserIsClipboardFormatAvailable
4577	NtUserIsTopLevelWindow
4578	NtUserKillTimer
4579	NtUserLoadKeyboardLayoutEx
4580	NtUserLockWindowStation
4581	NtUserLockWindowUpdate
4582	NtUserLockWorkStation
4583	NtUserLogicalToPhysicalPoint
4584	NtUserMapVirtualKeyEx
4585	NtUserMenuItemFromPoint
4586	NtUserMessageCall
4587	NtUserMinMaximize
4588	NtUserMNDragLeave
4589	NtUserMNDragOver
4590	NtUserModifyUserStartupInfoFlags
4591	NtUserMoveWindow
4592	NtUserNotifyIMEStatus
4593	NtUserNotifyProcessCreate
4594	NtUserNotifyWinEvent
4595	NtUserOpenClipboard
4596	NtUserOpenDesktop
4597	NtUserOpenInputDesktop
4598	NtUserOpenThreadDesktop
4599	NtUserOpenWindowStation
4600	NtUserPaintDesktop
4601	NtUserPaintMonitor
4602	NtUserPeekMessage
4603	NtUserPhysicalToLogicalPoint
4604	NtUserPostMessage
4605	NtUserPostThreadMessage
4606	NtUserPrintWindow
4607	NtUserProcessConnect
4608	NtUserQueryInformationThread
4609	NtUserQueryInputContext
4610	NtUserQuerySendMessage
4611	NtUserQueryWindow
4612	NtUserRealChildWindowFromPoint
4613	NtUserRealInternalGetMessage
4614	NtUserRealWaitMessageEx
4615	NtUserRedrawWindow
4616	NtUserRegisterClassExWOW
4617	NtUserRegisterErrorReportingDialog
4618	NtUserRegisterUserApiHook
4619	NtUserRegisterHotKey
4620	NtUserRegisterRawInputDevices
4621	NtUserRegisterServicesProcess
4622	NtUserRegisterTasklist
4623	NtUserRegisterWindowMessage
4624	NtUserRemoveClipboardFormatListener
4625	NtUserRemoveMenu
4626	NtUserRemoveProp
4627	NtUserResolveDesktopForWOW
4628	NtUserSBGetParms
4629	NtUserScrollDC
4630	NtUserScrollWindowEx
4631	NtUserSelectPalette
4632	NtUserSendInput
4633	NtUserSetActiveWindow
4634	NtUserSetAppImeLevel
4635	NtUserSetCapture
4636	NtUserSetChildWindowNoActivate
4637	NtUserSetClassLong
4638	NtUserSetClassWord
4639	NtUserSetClipboardData
4640	NtUserSetClipboardViewer
4641	NtUserSetCursor
4642	NtUserSetCursorContents
4643	NtUserSetCursorIconData
4644	NtUserSetFocus
4645	NtUserSetImeHotKey
4646	NtUserSetImeInfoEx
4647	NtUserSetImeOwnerWindow
4648	NtUserSetInformationThread
4649	NtUserSetInternalWindowPos
4650	NtUserSetKeyboardState
4651	NtUserSetMenu
4652	NtUserSetMenuContextHelpId
4653	NtUserSetMenuDefaultItem
4654	NtUserSetMenuFlagRtoL
4655	NtUserSetObjectInformation
4656	NtUserSetParent
4657	NtUserSetProcessWindowStation
4658	NtUserGetProp
4659	NtUserSetProp
4660	NtUserSetScrollInfo
4661	NtUserSetShellWindowEx
4662	NtUserSetSysColors
4663	NtUserSetSystemCursor
4664	NtUserSetSystemMenu
4665	NtUserSetSystemTimer
4666	NtUserSetThreadDesktop
4667	NtUserSetThreadLayoutHandles
4668	NtUserSetThreadState
4669	NtUserSetTimer
4670	NtUserSetProcessDPIAware
4671	NtUserSetWindowCompositionAttribute
4672	NtUserSetWindowDisplayAffinity
4673	NtUserSetWindowFNID
4674	NtUserSetWindowLong
4675	NtUserSetWindowPlacement
4676	NtUserSetWindowPos
4677	NtUserSetWindowRgn
4678	NtUserGetWindowRgnEx
4679	NtUserSetWindowRgnEx
4680	NtUserSetWindowsHookAW
4681	NtUserSetWindowsHookEx
4682	NtUserSetWindowStationUser
4683	NtUserSetWindowWord
4684	NtUserSetWinEventHook
4685	NtUserShowCaret
4686	NtUserShowScrollBar
4687	NtUserShowWindow
4688	NtUserShowWindowAsync
4689	NtUserSoundSentry
4690	NtUserSwitchDesktop
4691	NtUserSystemParametersInfo
4692	NtUserTestForInteractiveUser
4693	NtUserThunkedMenuInfo
4694	NtUserThunkedMenuItemInfo
4695	NtUserToUnicodeEx
4696	NtUserTrackMouseEvent
4697	NtUserTrackPopupMenuEx
4698	NtUserCalculatePopupWindowPosition
4699	NtUserCalcMenuBar
4700	NtUserPaintMenuBar
4701	NtUserTranslateAccelerator
4702	NtUserTranslateMessage
4703	NtUserUnhookWindowsHookEx
4704	NtUserUnhookWinEvent
4705	NtUserUnloadKeyboardLayout
4706	NtUserUnlockWindowStation
4707	NtUserUnregisterClass
4708	NtUserUnregisterUserApiHook
4709	NtUserUnregisterHotKey
4710	NtUserUpdateInputContext
4711	NtUserUpdateInstance
4712	NtUserUpdateLayeredWindow
4713	NtUserGetLayeredWindowAttributes
4714	NtUserSetLayeredWindowAttributes
4715	NtUserUpdatePerUserSystemParameters
4716	NtUserUserHandleGrantAccess
4717	NtUserValidateHandleSecure
4718	NtUserValidateRect
4719	NtUserValidateTimerCallback
4720	NtUserVkKeyScanEx
4721	NtUserWaitForInputIdle
4722	NtUserWaitForMsgAndEvent
4723	NtUserWaitMessage
4724	NtUserWindowFromPhysicalPoint
4725	NtUserWindowFromPoint
4726	NtUserYieldTask
4727	NtUserRemoteConnect
4728	NtUserRemoteRedrawRectangle
4729	NtUserRemoteRedrawScreen
4730	NtUserRemoteStopScreenUpdates
4731	NtUserCtxDisplayIOCtl
4732	NtUserRegisterSessionPort
4733	NtUserUnregisterSessionPort
4734	NtUserUpdateWindowTransform
4735	NtUserDwmStartRedirection
4736	NtUserDwmStopRedirection
4737	NtUserGetWindowMinimizeRect
4738	NtUserSfmDxBindSwapChain
4739	NtUserSfmDxOpenSwapChain
4740	NtUserSfmDxReleaseSwapChain
4741	NtUserSfmDxSetSwapChainBindingStatus
4742	NtUserSfmDxQuerySwapChainBindingStatus
4743	NtUserSfmDxReportPendingBindingsToDwm
4744	NtUserSfmDxGetSwapChainStats
4745	NtUserSfmDxSetSwapChainStats
4746	NtUserSfmGetLogicalSurfaceBinding
4747	NtUserSfmDestroyLogicalSurfaceBinding
4748	NtUserModifyWindowTouchCapability
4749	NtUserIsTouchWindow
4750	NtUserSendTouchInput
4751	NtUserEndTouchOperation
4752	NtUserGetTouchInputInfo
4753	NtUserChangeWindowMessageFilterEx
4754	NtUserInjectGesture
4755	NtUserGetGestureInfo
4756	NtUserGetGestureExtArgs
4757	NtUserManageGestureHandlerWindow
4758	NtUserSetGestureConfig
4759	NtUserGetGestureConfig
4760	NtGdiEngAssociateSurface
4761	NtGdiEngCreateBitmap
4762	NtGdiEngCreateDeviceSurface
4763	NtGdiEngCreateDeviceBitmap
4764	NtGdiEngCreatePalette
4765	NtGdiEngComputeGlyphSet
4766	NtGdiEngCopyBits
4767	NtGdiEngDeletePalette
4768	NtGdiEngDeleteSurface
4769	NtGdiEngEraseSurface
4770	NtGdiEngUnlockSurface
4771	NtGdiEngLockSurface
4772	NtGdiEngBitBlt
4773	NtGdiEngStretchBlt
4774	NtGdiEngPlgBlt
4775	NtGdiEngMarkBandingSurface
4776	NtGdiEngStrokePath
4777	NtGdiEngFillPath
4778	NtGdiEngStrokeAndFillPath
4779	NtGdiEngPaint
4780	NtGdiEngLineTo
4781	NtGdiEngAlphaBlend
4782	NtGdiEngGradientFill
4783	NtGdiEngTransparentBlt
4784	NtGdiEngTextOut
4785	NtGdiEngStretchBltROP
4786	NtGdiXLATEOBJ_cGetPalette
4787	NtGdiXLATEOBJ_iXlate
4788	NtGdiXLATEOBJ_hGetColorTransform
4789	NtGdiCLIPOBJ_bEnum
4790	NtGdiCLIPOBJ_cEnumStart
4791	NtGdiCLIPOBJ_ppoGetPath
4792	NtGdiEngDeletePath
4793	NtGdiEngCreateClip
4794	NtGdiEngDeleteClip
4795	NtGdiBRUSHOBJ_ulGetBrushColor
4796	NtGdiBRUSHOBJ_pvAllocRbrush
4797	NtGdiBRUSHOBJ_pvGetRbrush
4798	NtGdiBRUSHOBJ_hGetColorTransform
4799	NtGdiXFORMOBJ_bApplyXform
4800	NtGdiXFORMOBJ_iGetXform
4801	NtGdiFONTOBJ_vGetInfo
4802	NtGdiFONTOBJ_pxoGetXform
4803	NtGdiFONTOBJ_cGetGlyphs
4804	NtGdiFONTOBJ_pifi
4805	NtGdiFONTOBJ_pfdg
4806	NtGdiFONTOBJ_pQueryGlyphAttrs
4807	NtGdiFONTOBJ_pvTrueTypeFontFile
4808	NtGdiFONTOBJ_cGetAllGlyphHandles
4809	NtGdiSTROBJ_bEnum
4810	NtGdiSTROBJ_bEnumPositionsOnly
4811	NtGdiSTROBJ_bGetAdvanceWidths
4812	NtGdiSTROBJ_vEnumStart
4813	NtGdiSTROBJ_dwGetCodePage
4814	NtGdiPATHOBJ_vGetBounds
4815	NtGdiPATHOBJ_bEnum
4816	NtGdiPATHOBJ_vEnumStart
4817	NtGdiPATHOBJ_vEnumStartClipLines
4818	NtGdiPATHOBJ_bEnumClipLines
4819	NtGdiGetDhpdev
4820	NtGdiEngCheckAbort
4821	NtGdiHT_Get8BPPFormatPalette
4822	NtGdiHT_Get8BPPMaskPalette
4823	NtGdiUpdateTransform
4824	NtGdiSetPUMPDOBJ
4825	NtGdiBRUSHOBJ_DeleteRbrush
4826	NtGdiUMPDEngFreeUserMem
4827	NtGdiDrawStream
4828	NtGdiSfmGetNotificationTokens
4829	NtGdiHLSurfGetInformation
4830	NtGdiHLSurfSetInformation
4831	NtGdiDdDDICreateAllocation
4832	NtGdiDdDDIQueryResourceInfo
4833	NtGdiDdDDIOpenResource
4834	NtGdiDdDDIDestroyAllocation
4835	NtGdiDdDDISetAllocationPriority
4836	NtGdiDdDDIQueryAllocationResidency
4837	NtGdiDdDDICreateDevice
4838	NtGdiDdDDIDestroyDevice
4839	NtGdiDdDDICreateContext
4840	NtGdiDdDDIDestroyContext
4841	NtGdiDdDDICreateSynchronizationObject
4842	NtGdiDdDDIOpenSynchronizationObject
4843	NtGdiDdDDIDestroySynchronizationObject
4844	NtGdiDdDDIWaitForSynchronizationObject
4845	NtGdiDdDDISignalSynchronizationObject
4846	NtGdiDdDDIGetRuntimeData
4847	NtGdiDdDDIQueryAdapterInfo
4848	NtGdiDdDDILock
4849	NtGdiDdDDIUnlock
4850	NtGdiDdDDIGetDisplayModeList
4851	NtGdiDdDDISetDisplayMode
4852	NtGdiDdDDIGetMultisampleMethodList
4853	NtGdiDdDDIPresent
4854	NtGdiDdDDIRender
4855	NtGdiDdDDIOpenAdapterFromDeviceName
4856	NtGdiDdDDIOpenAdapterFromHdc
4857	NtGdiDdDDICloseAdapter
4858	NtGdiDdDDIGetSharedPrimaryHandle
4859	NtGdiDdDDIEscape
4860	NtGdiDdDDIQueryStatistics
4861	NtGdiDdDDISetVidPnSourceOwner
4862	NtGdiDdDDIGetPresentHistory
4863	NtGdiDdDDIGetPresentQueueEvent
4864	NtGdiDdDDICreateOverlay
4865	NtGdiDdDDIUpdateOverlay
4866	NtGdiDdDDIFlipOverlay
4867	NtGdiDdDDIDestroyOverlay
4868	NtGdiDdDDIWaitForVerticalBlankEvent
4869	NtGdiDdDDISetGammaRamp
4870	NtGdiDdDDIGetDeviceState
4871	NtGdiDdDDICreateDCFromMemory
4872	NtGdiDdDDIDestroyDCFromMemory
4873	NtGdiDdDDISetContextSchedulingPriority
4874	NtGdiDdDDIGetContextSchedulingPriority
4875	NtGdiDdDDISetProcessSchedulingPriorityClass
4876	NtGdiDdDDIGetProcessSchedulingPriorityClass
4877	NtGdiDdDDIReleaseProcessVidPnSourceOwners
4878	NtGdiDdDDIGetScanLine
4879	NtGdiDdDDISetQueuedLimit
4880	NtGdiDdDDIPollDisplayChildren
4881	NtGdiDdDDIInvalidateActiveVidPn
4882	NtGdiDdDDICheckOcclusion
4883	NtGdiDdDDIWaitForIdle
4884	NtGdiDdDDICheckMonitorPowerState
4885	NtGdiDdDDICheckExclusiveOwnership
4886	NtGdiDdDDISetDisplayPrivateDriverFormat
4887	NtGdiDdDDISharedPrimaryLockNotification
4888	NtGdiDdDDISharedPrimaryUnLockNotification
4889	NtGdiDdDDICreateKeyedMutex
4890	NtGdiDdDDIOpenKeyedMutex
4891	NtGdiDdDDIDestroyKeyedMutex
4892	NtGdiDdDDIAcquireKeyedMutex
4893	NtGdiDdDDIReleaseKeyedMutex
4894	NtGdiDdDDIConfigureSharedResource
4895	NtGdiDdDDIGetOverlayState
4896	NtGdiDdDDICheckVidPnExclusiveOwnership
4897	NtGdiDdDDICheckSharedResourceAccess
4898	DxgStubEnableDirectDrawRedirection
4899	DxgStubDeleteDirectDrawObject
4900	NtGdiGetNumberOfPhysicalMonitors
4901	NtGdiGetPhysicalMonitors
4902	NtGdiGetPhysicalMonitorDescription
4903	NtGdiDestroyPhysicalMonitor
4904	NtGdiDDCCIGetVCPFeature
4905	NtGdiDDCCISetVCPFeature
4906	NtGdiDDCCISaveCurrentSettings
4907	NtGdiDDCCIGetCapabilitiesStringLength
4908	NtGdiDDCCIGetCapabilitiesString
4909	NtGdiDDCCIGetTimingReport
4910	NtGdiDdCreateFullscreenSprite
4911	NtGdiDdNotifyFullscreenSpriteUpdate
4912	NtGdiDdDestroyFullscreenSprite
4913	NtGdiDdQueryVisRgnUniqueness
4914	NtUserSetMirrorRendering
4915	NtUserShowSystemCursor
4916	NtUserMagControl
4917	NtUserMagSetContextInformation
4918	NtUserMagGetContextInformation
4919	NtUserHwndQueryRedirectionInfo
4920	NtUserHwndSetRedirectionInfo
